id;name
1;Orlando Metz
2;Mr. Lonnie Feeney
3;Mamie Hackett
4;Gordon Gleichner
5;Connie Lind
6;Mrs. Angie Stokes
7;Roxanne Schuster
8;Elaine Tromp
9;Kate Dibbert
10;Jacqueline Hermann
11;Pat Towne
12;Mrs. Essie Wuckert
13;Eileen O'Hara
14;Brent Hagenes
15;Gilbert Bayer
16;Jesse Ratke
17;Kay Grant
18;Dr. Anthony Pouros
19;Marsha Zboncak
20;Meghan D'Amore V
21;Lyle Gleichner Sr.
22;Miss Damon Ortiz
23;Candice Bernier
24;Santiago Smith MD
25;Mrs. Lena Pacocha
26;Ian Goodwin IV
27;Becky Gorczany
28;Veronica Blick
29;Darren Watsica
30;Rhonda Abernathy
31;Miss Percy Deckow
32;Carmen Mayer
33;Rickey Little DVM
34;Pedro Strosin
35;Albert Prohaska
36;Gerardo McCullough
37;Luther Langosh
38;Bertha Witting
39;Carol Heidenreich
40;Melissa Heaney
41;Lorenzo Kautzer
42;Carol Nienow
43;Mamie Doyle
44;Bernard Kiehn
45;Vicky Collier
46;Marianne Thiel Sr.
47;Kim Ratke
48;Laura Baumbach
49;Ms. Dallas Kutch
50;Linda Powlowski
51;Ms. Van Rowe
52;Rhonda Kozey
53;Ms. Muriel Bartell
54;Adrienne Orn
55;Dana Rosenbaum DVM
56;Geneva Bauch
57;Leon Brekke
58;Hattie Hagenes
59;Monique Orn
60;Kari Dickens
61;Juan Johnson
62;Douglas Denesik
63;Marc Swift
64;Tiffany Heidenreich
65;Casey Skiles Jr.
66;Gretchen Schulist
67;Monica Marquardt
68;Lucas Maggio
69;Clifton Buckridge
70;Jeff Ritchie
71;Santos Collier
72;Pearl Wilderman
73;Charlie Bashirian
74;Molly Corkery
75;Ms. Robin Welch
76;Clayton Hickle
77;Rolando Koepp DDS
78;Donnie Steuber
79;Edward Weimann
80;Leo Gibson
81;Willis Kuhn
82;Freddie Gleichner
83;Katherine Rice
84;Genevieve Ebert IV
85;Dr. Heather Witting
86;Mr. Ron Armstrong
87;Lester Bechtelar
88;Mildred Collier
89;Katrina Rippin
90;Thelma Lehner
91;Eloise Schowalter
92;Johnathan Kirlin
93;Yolanda Hauck
94;Miss Gustavo Glover
95;Evan Lockman
96;Emma Altenwerth
97;Leo Moen
98;Kenneth Watsica
99;Mr. Billie Walsh
100;Eric Balistreri
